Date,IndexLevel,IndexName
2/18/14,1840.76,S&P500
2/19/14,1828.75,S&P500
2/20/14,1839.78,S&P500
2/21/14,1836.25,S&P500
2/24/14,1847.61,S&P500
2/25/14,1845.12,S&P500
2/26/14,1845.16,S&P500
2/27/14,1854.29,S&P500
2/28/14,1859.45,S&P500
3/3/14,1845.73,S&P500
3/4/14,1873.91,S&P500
3/5/14,1873.81,S&P500
3/6/14,1877.03,S&P500
3/7/14,1878.04,S&P500
3/10/14,1877.17,S&P500
3/11/14,1867.63,S&P500
3/12/14,1868.2,S&P500
3/13/14,1846.34,S&P500
3/14/14,1841.13,S&P500
3/17/14,1858.83,S&P500
3/18/14,1872.25,S&P500
3/19/14,1860.77,S&P500
3/20/14,1872.01,S&P500
3/21/14,1866.52,S&P500
3/24/14,1857.44,S&P500
3/25/14,1865.62,S&P500
3/26/14,1852.56,S&P500
3/27/14,1849.04,S&P500
3/28/14,1857.62,S&P500
3/31/14,1872.34,S&P500
4/1/14,1885.52,S&P500
4/2/14,1890.9,S&P500
4/3/14,1888.77,S&P500
4/4/14,1865.09,S&P500
4/7/14,1845.04,S&P500
4/8/14,1851.96,S&P500
4/9/14,1872.18,S&P500
4/10/14,1833.08,S&P500
4/11/14,1815.69,S&P500
4/14/14,1830.61,S&P500
4/15/14,1842.98,S&P500
4/16/14,1862.31,S&P500
4/17/14,1864.85,S&P500
4/21/14,1871.89,S&P500
4/22/14,1879.55,S&P500
4/23/14,1875.39,S&P500
4/24/14,1878.61,S&P500
4/25/14,1863.4,S&P500
4/28/14,1869.43,S&P500
4/29/14,1878.33,S&P500
4/30/14,1883.95,S&P500
5/1/14,1883.68,S&P500
5/2/14,1881.14,S&P500
5/5/14,1884.66,S&P500
5/6/14,1867.72,S&P500
5/7/14,1878.21,S&P500
5/8/14,1875.63,S&P500
5/9/14,1878.48,S&P500
5/12/14,1896.65,S&P500
5/13/14,1897.45,S&P500
5/14/14,1888.53,S&P500
5/15/14,1870.85,S&P500
5/16/14,1877.86,S&P500
5/19/14,1885.08,S&P500
5/20/14,1872.83,S&P500
5/21/14,1888.03,S&P500
5/22/14,1892.49,S&P500
5/23/14,1900.53,S&P500
5/27/14,1911.91,S&P500
5/28/14,1909.78,S&P500
5/29/14,1920.03,S&P500
5/30/14,1923.57,S&P500
6/2/14,1924.97,S&P500
6/3/14,1924.24,S&P500
6/4/14,1927.88,S&P500
6/5/14,1940.46,S&P500
6/6/14,1949.44,S&P500
6/9/14,1951.27,S&P500
6/10/14,1950.79,S&P500
6/11/14,1943.89,S&P500
6/12/14,1930.11,S&P500
6/13/14,1936.16,S&P500
6/16/14,1937.78,S&P500
6/17/14,1941.99,S&P500
6/18/14,1956.98,S&P500
6/19/14,1959.48,S&P500
6/20/14,1962.87,S&P500
6/23/14,1962.61,S&P500
6/24/14,1949.98,S&P500
6/25/14,1959.53,S&P500
6/26/14,1957.22,S&P500
6/27/14,1960.96,S&P500
6/30/14,1960.23,S&P500
7/1/14,1973.32,S&P500
7/2/14,1974.62,S&P500
7/3/14,1985.44,S&P500
7/7/14,1977.65,S&P500
7/8/14,1963.71,S&P500
7/9/14,1972.83,S&P500
7/10/14,1964.68,S&P500
7/11/14,1967.57,S&P500
7/14/14,1977.1,S&P500
7/15/14,1973.28,S&P500
7/16/14,1981.57,S&P500
7/17/14,1958.12,S&P500
7/18/14,1978.22,S&P500
7/21/14,1973.63,S&P500
7/22/14,1983.53,S&P500
7/23/14,1987.01,S&P500
7/24/14,1987.98,S&P500
7/25/14,1978.34,S&P500
7/28/14,1978.91,S&P500
7/29/14,1969.95,S&P500
7/30/14,1970.07,S&P500
7/31/14,1930.67,S&P500
8/1/14,1925.15,S&P500
8/4/14,1938.99,S&P500
8/5/14,1920.21,S&P500
8/6/14,1920.24,S&P500
8/7/14,1909.57,S&P500
8/8/14,1931.59,S&P500
8/11/14,1936.92,S&P500
8/12/14,1933.75,S&P500
8/13/14,1946.72,S&P500
8/14/14,1955.18,S&P500
8/15/14,1955.06,S&P500
8/18/14,1971.74,S&P500
8/19/14,1981.6,S&P500
8/20/14,1986.51,S&P500
8/21/14,1992.37,S&P500
8/22/14,1988.4,S&P500
8/25/14,1997.92,S&P500
8/26/14,2000.02,S&P500
8/27/14,2000.12,S&P500
8/28/14,1996.74,S&P500
8/29/14,2003.37,S&P500
9/2/14,2002.28,S&P500
9/3/14,2000.72,S&P500
9/4/14,1997.65,S&P500
9/5/14,2007.71,S&P500
9/8/14,2001.54,S&P500
9/9/14,1988.44,S&P500
9/10/14,1995.69,S&P500
9/11/14,1997.45,S&P500
9/12/14,1985.54,S&P500
9/15/14,1984.13,S&P500
9/16/14,1998.98,S&P500
9/17/14,2001.57,S&P500
9/18/14,2011.36,S&P500
9/19/14,2010.4,S&P500
9/22/14,1994.29,S&P500
9/23/14,1982.77,S&P500
9/24/14,1998.3,S&P500
9/25/14,1965.99,S&P500
9/26/14,1982.85,S&P500
9/29/14,1977.8,S&P500
9/30/14,1972.29,S&P500
10/1/14,1946.16,S&P500
10/2/14,1946.17,S&P500
10/3/14,1967.9,S&P500
10/6/14,1964.82,S&P500
10/7/14,1935.1,S&P500
10/8/14,1968.89,S&P500
10/9/14,1928.21,S&P500
10/10/14,1906.13,S&P500
10/13/14,1874.74,S&P500
10/14/14,1877.7,S&P500
10/15/14,1862.49,S&P500
10/16/14,1862.76,S&P500
10/17/14,1886.76,S&P500
10/20/14,1904.01,S&P500
10/21/14,1941.28,S&P500
10/22/14,1927.11,S&P500
10/23/14,1950.82,S&P500
10/24/14,1964.58,S&P500
10/27/14,1961.63,S&P500
10/28/14,1985.05,S&P500
10/29/14,1982.3,S&P500
10/30/14,1994.65,S&P500
10/31/14,2018.05,S&P500
11/3/14,2017.81,S&P500
11/4/14,2012.1,S&P500
11/5/14,2023.57,S&P500
11/6/14,2031.21,S&P500
11/7/14,2031.92,S&P500
11/10/14,2038.26,S&P500
11/11/14,2039.68,S&P500
11/12/14,2038.25,S&P500
11/13/14,2039.33,S&P500
11/14/14,2039.82,S&P500
11/17/14,2041.32,S&P500
11/18/14,2051.8,S&P500
11/19/14,2048.72,S&P500
11/20/14,2052.75,S&P500
11/21/14,2063.5,S&P500
11/24/14,2069.41,S&P500
11/25/14,2067.03,S&P500
11/26/14,2072.83,S&P500
11/28/14,2067.56,S&P500
12/1/14,2053.44,S&P500
12/2/14,2066.55,S&P500
12/3/14,2074.33,S&P500
12/4/14,2071.92,S&P500
12/5/14,2075.37,S&P500
12/8/14,2060.31,S&P500
12/9/14,2059.82,S&P500
12/10/14,2026.14,S&P500
12/11/14,2035.33,S&P500
12/12/14,2002.33,S&P500
12/15/14,1989.63,S&P500
12/16/14,1972.74,S&P500
12/17/14,2012.89,S&P500
12/18/14,2061.23,S&P500
12/19/14,2070.65,S&P500
12/22/14,2078.54,S&P500
12/23/14,2082.17,S&P500
12/24/14,2081.88,S&P500
12/26/14,2088.77,S&P500
12/29/14,2090.57,S&P500
12/30/14,2080.35,S&P500
12/31/14,2058.9,S&P500
1/2/15,2058.2,S&P500
1/5/15,2020.58,S&P500
1/6/15,2002.61,S&P500
1/7/15,2025.9,S&P500
1/8/15,2062.14,S&P500
1/9/15,2044.81,S&P500
1/12/15,2028.26,S&P500
1/13/15,2023.03,S&P500
1/14/15,2011.27,S&P500
1/15/15,1992.67,S&P500
1/16/15,2019.42,S&P500
1/20/15,2022.55,S&P500
1/21/15,2032.12,S&P500
1/22/15,2063.15,S&P500
1/23/15,2051.82,S&P500
1/26/15,2057.09,S&P500
1/27/15,2029.55,S&P500
1/28/15,2002.16,S&P500
1/29/15,2021.25,S&P500
1/30/15,1994.99,S&P500
2/2/15,2020.85,S&P500
2/3/15,2050.03,S&P500
2/4/15,2041.51,S&P500
2/5/15,2062.52,S&P500
2/6/15,2055.47,S&P500
2/9/15,2046.74,S&P500
2/10/15,2068.59,S&P500
2/11/15,2068.53,S&P500
2/12/15,2088.48,S&P500
2/13/15,2096.99,S&P500
2/17/15,2100.34,S&P500
2/18/15,2099.68,S&P500
2/19/15,2097.45,S&P500
2/20/15,2110.3,S&P500
2/23/15,2109.66,S&P500
2/24/15,2115.48,S&P500
2/25/15,2113.86,S&P500
2/26/15,2110.74,S&P500
2/27/15,2104.5,S&P500
3/2/15,2117.39,S&P500
3/3/15,2107.78,S&P500
3/4/15,2098.53,S&P500
3/5/15,2101.04,S&P500
3/6/15,2071.26,S&P500
3/9/15,2079.43,S&P500
3/10/15,2044.16,S&P500
3/11/15,2040.24,S&P500
3/12/15,2065.95,S&P500
3/13/15,2053.4,S&P500
3/16/15,2081.19,S&P500
3/17/15,2074.28,S&P500
3/18/15,2099.5,S&P500
3/19/15,2089.27,S&P500
3/20/15,2108.1,S&P500
3/23/15,2104.42,S&P500
3/24/15,2091.5,S&P500
3/25/15,2061.05,S&P500
3/26/15,2056.15,S&P500
3/27/15,2061.02,S&P500
3/30/15,2086.24,S&P500
3/31/15,2067.89,S&P500
4/1/15,2059.69,S&P500
4/2/15,2066.96,S&P500
4/6/15,2080.62,S&P500
4/7/15,2076.33,S&P500
4/8/15,2081.9,S&P500
4/9/15,2091.18,S&P500
4/10/15,2102.06,S&P500
4/13/15,2092.43,S&P500
4/14/15,2095.84,S&P500
4/15/15,2106.63,S&P500
4/16/15,2104.99,S&P500
4/17/15,2081.18,S&P500
4/20/15,2100.4,S&P500
4/21/15,2097.29,S&P500
4/22/15,2107.96,S&P500
4/23/15,2112.93,S&P500
4/24/15,2117.69,S&P500
4/27/15,2108.92,S&P500
4/28/15,2114.76,S&P500
4/29/15,2106.85,S&P500
4/30/15,2085.51,S&P500
5/1/15,2108.29,S&P500
5/4/15,2114.49,S&P500
5/5/15,2089.46,S&P500
5/6/15,2080.15,S&P500
5/7/15,2088,S&P500
5/8/15,2116.1,S&P500
5/11/15,2105.33,S&P500
5/12/15,2099.12,S&P500
5/13/15,2098.48,S&P500
5/14/15,2121.1,S&P500
5/15/15,2122.73,S&P500
5/18/15,2129.2,S&P500
5/19/15,2127.83,S&P500
5/20/15,2125.85,S&P500
5/21/15,2130.82,S&P500
5/22/15,2126.06,S&P500
5/26/15,2104.2,S&P500
5/27/15,2123.48,S&P500
5/28/15,2120.79,S&P500
5/29/15,2107.39,S&P500
6/1/15,2111.73,S&P500
6/2/15,2109.6,S&P500
6/3/15,2114.07,S&P500
6/4/15,2095.84,S&P500
6/5/15,2092.83,S&P500
6/8/15,2079.28,S&P500
6/9/15,2080.15,S&P500
6/10/15,2105.2,S&P500
6/11/15,2108.86,S&P500
6/12/15,2094.11,S&P500
6/15/15,2084.43,S&P500
6/16/15,2096.29,S&P500
6/17/15,2100.44,S&P500
6/18/15,2121.24,S&P500
6/19/15,2109.99,S&P500
6/22/15,2122.85,S&P500
6/23/15,2124.2,S&P500
6/24/15,2108.58,S&P500
6/25/15,2102.31,S&P500
6/26/15,2101.49,S&P500
6/29/15,2057.64,S&P500
6/30/15,2063.11,S&P500
7/1/15,2077.42,S&P500
7/2/15,2076.78,S&P500
7/6/15,2068.76,S&P500
7/7/15,2081.34,S&P500
7/8/15,2046.68,S&P500
7/9/15,2051.31,S&P500
7/10/15,2076.62,S&P500
7/13/15,2099.6,S&P500
7/14/15,2108.95,S&P500
7/15/15,2107.4,S&P500
7/16/15,2124.29,S&P500
7/17/15,2126.64,S&P500
7/20/15,2128.28,S&P500
7/21/15,2119.21,S&P500
7/22/15,2114.15,S&P500
7/23/15,2102.15,S&P500
7/24/15,2079.65,S&P500
7/27/15,2067.64,S&P500
7/28/15,2093.25,S&P500
7/29/15,2108.57,S&P500
7/30/15,2108.63,S&P500
7/31/15,2103.84,S&P500
8/3/15,2098.04,S&P500
8/4/15,2093.32,S&P500
8/5/15,2099.84,S&P500
8/6/15,2083.56,S&P500
8/7/15,2077.57,S&P500
8/10/15,2104.18,S&P500
8/11/15,2084.07,S&P500
8/12/15,2086.05,S&P500
8/13/15,2083.39,S&P500
8/14/15,2091.54,S&P500
8/17/15,2102.44,S&P500
8/18/15,2096.92,S&P500
8/19/15,2079.61,S&P500
8/20/15,2035.73,S&P500
8/21/15,1970.89,S&P500
8/24/15,1893.21,S&P500
8/25/15,1867.61,S&P500
8/26/15,1940.51,S&P500
8/27/15,1987.66,S&P500
8/28/15,1988.87,S&P500
8/31/15,1972.18,S&P500
9/1/15,1913.85,S&P500
9/2/15,1948.86,S&P500
9/3/15,1951.13,S&P500
9/4/15,1921.22,S&P500
9/8/15,1969.41,S&P500
9/9/15,1942.04,S&P500
9/10/15,1952.29,S&P500
9/11/15,1961.05,S&P500
9/14/15,1953.03,S&P500
9/15/15,1978.09,S&P500
9/16/15,1995.31,S&P500
9/17/15,1990.2,S&P500
9/18/15,1958.03,S&P500
9/21/15,1966.97,S&P500
9/22/15,1942.74,S&P500
9/23/15,1938.76,S&P500
9/24/15,1932.24,S&P500
9/25/15,1931.34,S&P500
9/28/15,1881.77,S&P500
9/29/15,1884.09,S&P500
9/30/15,1920.03,S&P500
10/1/15,1923.82,S&P500
10/2/15,1951.36,S&P500
10/5/15,1987.05,S&P500
10/6/15,1979.92,S&P500
10/7/15,1995.83,S&P500
10/8/15,2013.43,S&P500
10/9/15,2014.89,S&P500
10/12/15,2017.46,S&P500
10/13/15,2003.69,S&P500
10/14/15,1994.24,S&P500
10/15/15,2023.86,S&P500
10/16/15,2033.11,S&P500
10/20/15,2030.77,S&P500
10/21/15,2018.94,S&P500
10/22/15,2052.51,S&P500
10/23/15,2075.15,S&P500
10/26/15,2071.18,S&P500
10/27/15,2065.89,S&P500
10/28/15,2090.35,S&P500
10/19/15,2033.66,S&P500
10/29/15,2089.41,S&P500
10/30/15,2079.36,S&P500
11/2/15,2104.05,S&P500
11/3/15,2109.79,S&P500
11/4/15,2102.31,S&P500
11/5/15,2099.93,S&P500
11/6/15,2099.2,S&P500
11/9/15,2078.58,S&P500
11/10/15,2081.72,S&P500
11/11/15,2075,S&P500
11/12/15,2045.97,S&P500
11/13/15,2023.04,S&P500
11/16/15,2053.19,S&P500
11/17/15,2050.44,S&P500
11/18/15,2083.58,S&P500
11/19/15,2081.24,S&P500
11/20/15,2089.17,S&P500
11/23/15,2086.59,S&P500
11/24/15,2089.14,S&P500
11/25/15,2088.87,S&P500
11/27/15,2090.11,S&P500
11/30/15,2080.41,S&P500
12/1/15,2102.63,S&P500
12/2/15,2079.51,S&P500
12/3/15,2049.62,S&P500
12/4/15,2091.69,S&P500
12/7/15,2077.07,S&P500
12/8/15,2063.59,S&P500
12/9/15,2047.62,S&P500
12/10/15,2052.23,S&P500
12/11/15,2012.37,S&P500
12/14/15,2021.94,S&P500
12/15/15,2043.41,S&P500
12/16/15,2073.07,S&P500
12/17/15,2041.89,S&P500
12/18/15,2005.55,S&P500
12/21/15,2021.15,S&P500
12/22/15,2038.97,S&P500
12/23/15,2064.29,S&P500
12/24/15,2060.99,S&P500
12/28/15,2056.5,S&P500
12/29/15,2078.36,S&P500
12/30/15,2063.36,S&P500
12/31/15,2043.94,S&P500
1/4/16,2012.66,S&P500
1/5/16,2016.71,S&P500
1/6/16,1990.26,S&P500
1/7/16,1943.09,S&P500
1/8/16,1922.03,S&P500
1/11/16,1923.67,S&P500
1/12/16,1938.68,S&P500
1/13/16,1890.28,S&P500
1/14/16,1921.84,S&P500
1/15/16,1880.33,S&P500
1/19/16,1881.33,S&P500
1/20/16,1859.33,S&P500
1/21/16,1868.99,S&P500
1/22/16,1906.9,S&P500
1/25/16,1877.08,S&P500
1/26/16,1903.63,S&P500
1/27/16,1882.95,S&P500
1/28/16,1893.36,S&P500
1/29/16,1940.24,S&P500
2/1/16,1939.38,S&P500
2/2/16,1903.03,S&P500
2/3/16,1912.53,S&P500
2/4/16,1915.45,S&P500
2/5/16,1880.05,S&P500
2/8/16,1853.44,S&P500
2/9/16,1852.21,S&P500
2/10/16,1851.86,S&P500
2/11/16,1829.08,S&P500
2/12/16,1864.78,S&P500
2/16/16,1895.58,S&P500
2/17/16,1926.82,S&P500
2/18/16,1917.83,S&P500
2/19/16,1917.78,S&P500
2/22/16,1945.5,S&P500
2/23/16,1921.27,S&P500
2/24/16,1929.8,S&P500
2/25/16,1951.7,S&P500
2/26/16,1948.05,S&P500
2/29/16,1932.23,S&P500
3/1/16,1978.35,S&P500
3/2/16,1986.45,S&P500
3/3/16,1993.4,S&P500
3/4/16,1999.99,S&P500
3/7/16,2001.76,S&P500
3/8/16,1979.26,S&P500
3/9/16,1989.26,S&P500
3/10/16,1989.57,S&P500
3/11/16,2022.19,S&P500
3/14/16,2019.64,S&P500
3/15/16,2015.93,S&P500
3/16/16,2027.22,S&P500
3/17/16,2040.59,S&P500
3/18/16,2049.58,S&P500
3/21/16,2051.6,S&P500
3/22/16,2049.8,S&P500
3/23/16,2036.71,S&P500
3/24/16,2035.94,S&P500
3/28/16,2037.05,S&P500
3/29/16,2055.01,S&P500
3/30/16,2063.95,S&P500
3/31/16,2059.74,S&P500
4/1/16,2072.78,S&P500
4/4/16,2066.13,S&P500
4/5/16,2045.17,S&P500
4/6/16,2066.66,S&P500
4/7/16,2041.91,S&P500
4/8/16,2047.6,S&P500
4/11/16,2041.99,S&P500
4/12/16,2061.72,S&P500
4/13/16,2082.42,S&P500
4/14/16,2082.78,S&P500
4/15/16,2080.73,S&P500
4/18/16,2094.34,S&P500
4/19/16,2100.8,S&P500
4/20/16,2102.4,S&P500
4/21/16,2091.48,S&P500
4/22/16,2091.58,S&P500
4/25/16,2087.79,S&P500
4/26/16,2091.7,S&P500
4/27/16,2095.15,S&P500
4/28/16,2075.81,S&P500
4/29/16,2065.3,S&P500
5/2/16,2081.43,S&P500
5/3/16,2063.37,S&P500
5/4/16,2051.12,S&P500
5/5/16,2050.63,S&P500
5/6/16,2057.14,S&P500
5/9/16,2058.69,S&P500
5/10/16,2084.39,S&P500
5/11/16,2064.46,S&P500
5/12/16,2064.11,S&P500
5/13/16,2046.61,S&P500
5/16/16,2066.66,S&P500
5/17/16,2047.21,S&P500
5/18/16,2047.63,S&P500
5/19/16,2040.04,S&P500
5/20/16,2052.32,S&P500
5/23/16,2048.04,S&P500
5/24/16,2076.06,S&P500
5/25/16,2090.54,S&P500
5/26/16,2090.1,S&P500
5/27/16,2099.06,S&P500
5/31/16,2096.96,S&P500
6/1/16,2099.33,S&P500
6/2/16,2105.26,S&P500
6/3/16,2099.13,S&P500
6/6/16,2109.41,S&P500
6/7/16,2112.13,S&P500
6/8/16,2119.12,S&P500
6/9/16,2115.48,S&P500
6/10/16,2096.07,S&P500
6/13/16,2079.06,S&P500
6/14/16,2075.32,S&P500
6/15/16,2071.5,S&P500
6/16/16,2077.99,S&P500
6/17/16,2071.22,S&P500
6/20/16,2083.25,S&P500
6/21/16,2088.9,S&P500
6/22/16,2085.45,S&P500
6/23/16,2113.32,S&P500
6/24/16,2037.41,S&P500
6/27/16,2000.54,S&P500
6/28/16,2036.09,S&P500
6/29/16,2070.77,S&P500
6/30/16,2098.86,S&P500
7/1/16,2102.95,S&P500
7/5/16,2088.55,S&P500
7/6/16,2099.73,S&P500
7/7/16,2097.9,S&P500
7/8/16,2129.9,S&P500
7/11/16,2137.16,S&P500
7/12/16,2152.14,S&P500
7/13/16,2152.43,S&P500
7/14/16,2163.75,S&P500
7/15/16,2161.74,S&P500
7/18/16,2166.89,S&P500
7/19/16,2163.78,S&P500
7/20/16,2173.02,S&P500
7/21/16,2165.17,S&P500
7/22/16,2175.03,S&P500
7/25/16,2168.48,S&P500
7/26/16,2169.18,S&P500
7/27/16,2166.58,S&P500
7/28/16,2170.06,S&P500
7/29/16,2173.6,S&P500
8/1/16,2170.84,S&P500
8/2/16,2157.03,S&P500
8/3/16,2163.79,S&P500
8/4/16,2164.25,S&P500
8/5/16,2182.87,S&P500
8/8/16,2180.89,S&P500
8/9/16,2181.74,S&P500
8/10/16,2175.49,S&P500
8/11/16,2185.79,S&P500
8/12/16,2184.05,S&P500
8/15/16,2190.15,S&P500
8/16/16,2178.15,S&P500
8/17/16,2182.22,S&P500
8/18/16,2187.02,S&P500
8/19/16,2183.87,S&P500
8/22/16,2182.64,S&P500
8/23/16,2186.9,S&P500
8/24/16,2175.44,S&P500
8/25/16,2172.47,S&P500
8/26/16,2169.04,S&P500
8/29/16,2180.38,S&P500
8/30/16,2176.12,S&P500
8/31/16,2170.95,S&P500
9/1/16,2170.86,S&P500
9/2/16,2179.98,S&P500
9/6/16,2186.48,S&P500
9/7/16,2186.16,S&P500
9/8/16,2181.3,S&P500
9/9/16,2127.81,S&P500
9/12/16,2159.04,S&P500
9/13/16,2127.02,S&P500
9/14/16,2125.77,S&P500
9/15/16,2147.26,S&P500
9/16/16,2139.16,S&P500
9/19/16,2139.12,S&P500
9/20/16,2139.76,S&P500
9/21/16,2163.12,S&P500
9/22/16,2177.18,S&P500
9/23/16,2164.69,S&P500
9/26/16,2146.1,S&P500
9/27/16,2159.93,S&P500
9/28/16,2171.37,S&P500
9/29/16,2151.13,S&P500
9/30/16,2168.27,S&P500
10/3/16,2161.2,S&P500
10/4/16,2150.49,S&P500
10/5/16,2159.73,S&P500
10/6/16,2160.77,S&P500
10/7/16,2153.74,S&P500
10/10/16,2163.66,S&P500
10/11/16,2136.73,S&P500
10/12/16,2139.18,S&P500
10/13/16,2132.55,S&P500
10/14/16,2132.98,S&P500
10/17/16,2126.5,S&P500
10/18/16,2139.6,S&P500
10/19/16,2144.29,S&P500
10/20/16,2141.34,S&P500
10/21/16,2141.16,S&P500
10/24/16,2151.33,S&P500
10/25/16,2143.16,S&P500
10/26/16,2139.43,S&P500
10/27/16,2133.04,S&P500
10/28/16,2126.41,S&P500
10/31/16,2126.15,S&P500
11/1/16,2111.72,S&P500
11/2/16,2097.94,S&P500
11/3/16,2088.66,S&P500
11/4/16,2085.18,S&P500
11/7/16,2131.52,S&P500
11/8/16,2139.56,S&P500
11/9/16,2163.26,S&P500
11/10/16,2167.48,S&P500
11/11/16,2164.45,S&P500
11/14/16,2164.2,S&P500
11/15/16,2180.39,S&P500
11/16/16,2176.94,S&P500
11/17/16,2187.12,S&P500
11/18/16,2181.9,S&P500
11/21/16,2198.18,S&P500
11/22/16,2202.94,S&P500
11/23/16,2204.72,S&P500
11/25/16,2213.35,S&P500
11/28/16,2201.72,S&P500
11/29/16,2204.66,S&P500
11/30/16,2198.81,S&P500
12/1/16,2191.08,S&P500
12/2/16,2191.95,S&P500
12/5/16,2204.71,S&P500
12/6/16,2212.23,S&P500
12/7/16,2241.35,S&P500
12/8/16,2246.19,S&P500
12/9/16,2259.53,S&P500
12/12/16,2256.96,S&P500
12/13/16,2271.72,S&P500
12/14/16,2253.28,S&P500
12/15/16,2262.03,S&P500
12/16/16,2258.07,S&P500
12/19/16,2262.53,S&P500
12/20/16,2270.76,S&P500
12/21/16,2265.18,S&P500
12/22/16,2260.96,S&P500
12/23/16,2263.79,S&P500
12/27/16,2268.88,S&P500
12/28/16,2249.92,S&P500
12/29/16,2249.26,S&P500
12/30/16,2238.83,S&P500
1/3/17,2257.83,S&P500
1/4/17,2270.75,S&P500
1/5/17,2269,S&P500
1/6/17,2276.98,S&P500
1/9/17,2268.9,S&P500
1/10/17,2268.9,S&P500
1/11/17,2275.32,S&P500
1/12/17,2270.44,S&P500
1/13/17,2274.64,S&P500
1/17/17,2267.89,S&P500
1/18/17,2271.89,S&P500
1/19/17,2263.69,S&P500
1/20/17,2271.31,S&P500
1/23/17,2265.2,S&P500
1/24/17,2280.07,S&P500
1/25/17,2298.37,S&P500
1/26/17,2296.68,S&P500
1/27/17,2294.69,S&P500
1/30/17,2280.9,S&P500
1/31/17,2278.87,S&P500
2/1/17,2279.55,S&P500
2/2/17,2280.85,S&P500
2/3/17,2297.42,S&P500
2/6/17,2292.56,S&P500
2/7/17,2293.08,S&P500
2/8/17,2294.67,S&P500
2/9/17,2307.87,S&P500
2/10/17,2316.1,S&P500
2/13/17,2328.25,S&P500
2/14/17,2337.58,S&P500
2/15/17,2349.25,S&P500
2/16/17,2347.22,S&P500
2/17/17,2351.16,S&P500
2/21/17,2365.38,S&P500
2/22/17,2362.82,S&P500
2/23/17,2363.81,S&P500
2/24/17,2367.34,S&P500
2/27/17,2369.75,S&P500
2/28/17,2363.64,S&P500
3/1/17,2395.96,S&P500
3/2/17,2381.92,S&P500
3/3/17,2383.12,S&P500
3/6/17,2375.31,S&P500
3/7/17,2368.39,S&P500
3/8/17,2362.98,S&P500
3/9/17,2364.87,S&P500
3/10/17,2372.6,S&P500
3/13/17,2373.47,S&P500
3/14/17,2365.45,S&P500
3/15/17,2385.26,S&P500
3/16/17,2381.38,S&P500
3/17/17,2378.25,S&P500
3/20/17,2373.47,S&P500
3/21/17,2344.02,S&P500
3/22/17,2348.45,S&P500
3/23/17,2345.96,S&P500
3/24/17,2343.98,S&P500
3/27/17,2341.59,S&P500
3/28/17,2358.57,S&P500
3/29/17,2361.13,S&P500
3/30/17,2368.06,S&P500
3/31/17,2362.72,S&P500
4/3/17,2358.84,S&P500
4/4/17,2360.16,S&P500
4/5/17,2352.95,S&P500
4/6/17,2357.49,S&P500
4/7/17,2355.54,S&P500
4/10/17,2357.16,S&P500
4/11/17,2353.78,S&P500
4/12/17,2344.93,S&P500
4/13/17,2328.95,S&P500
4/17/17,2349.01,S&P500
4/18/17,2342.19,S&P500
4/19/17,2338.17,S&P500
4/20/17,2355.84,S&P500
4/21/17,2348.69,S&P500
4/24/17,2374.15,S&P500
4/25/17,2388.61,S&P500
4/26/17,2387.45,S&P500
4/27/17,2388.77,S&P500
4/28/17,2384.2,S&P500
5/1/17,2388.33,S&P500
5/2/17,2391.17,S&P500
5/3/17,2388.13,S&P500
5/4/17,2389.52,S&P500
5/5/17,2399.29,S&P500
5/8/17,2399.38,S&P500
5/9/17,2396.92,S&P500
5/10/17,2399.63,S&P500
5/11/17,2394.44,S&P500
5/12/17,2390.9,S&P500
5/15/17,2402.32,S&P500
5/16/17,2400.67,S&P500
5/17/17,2357.03,S&P500
5/18/17,2365.72,S&P500
5/19/17,2381.73,S&P500
5/22/17,2394.02,S&P500
5/23/17,2398.42,S&P500
5/24/17,2404.39,S&P500
5/25/17,2415.07,S&P500
5/26/17,2415.82,S&P500
5/30/17,2412.91,S&P500
5/31/17,2411.8,S&P500
6/1/17,2430.06,S&P500
6/2/17,2439.07,S&P500
6/5/17,2436.1,S&P500
6/6/17,2429.33,S&P500
6/7/17,2433.14,S&P500
6/8/17,2433.79,S&P500
6/9/17,2431.77,S&P500
6/12/17,2429.39,S&P500
6/13/17,2440.35,S&P500
6/14/17,2437.92,S&P500
6/15/17,2432.46,S&P500
6/16/17,2433.15,S&P500
6/19/17,2453.46,S&P500
6/20/17,2437.03,S&P500
6/21/17,2435.61,S&P500
6/22/17,2434.5,S&P500
6/23/17,2438.3,S&P500
6/26/17,2439.07,S&P500
6/27/17,2419.38,S&P500
6/28/17,2440.69,S&P500
6/29/17,2419.7,S&P500
6/30/17,2423.41,S&P500
7/3/17,2429.01,S&P500
7/5/17,2432.54,S&P500
7/6/17,2409.75,S&P500
7/7/17,2425.18,S&P500
7/10/17,2427.43,S&P500
7/11/17,2425.53,S&P500
7/12/17,2443.25,S&P500
7/13/17,2447.83,S&P500
7/14/17,2459.27,S&P500
7/17/17,2459.14,S&P500
7/18/17,2460.61,S&P500
7/19/17,2473.83,S&P500
7/20/17,2473.45,S&P500
7/21/17,2472.54,S&P500
7/24/17,2469.91,S&P500
7/25/17,2477.13,S&P500
7/26/17,2477.83,S&P500
7/27/17,2475.42,S&P500
7/28/17,2472.1,S&P500
7/31/17,2470.3,S&P500
8/1/17,2476.35,S&P500
8/2/17,2477.57,S&P500
8/3/17,2472.16,S&P500
8/4/17,2476.83,S&P500
8/7/17,2480.91,S&P500
8/8/17,2474.92,S&P500
8/9/17,2474.02,S&P500
8/10/17,2438.21,S&P500
8/11/17,2441.32,S&P500
8/14/17,2465.84,S&P500
8/15/17,2464.61,S&P500
8/16/17,2468.11,S&P500
8/17/17,2430.01,S&P500
8/18/17,2425.55,S&P500
8/21/17,2428.37,S&P500
8/22/17,2452.51,S&P500
8/23/17,2444.04,S&P500
8/24/17,2438.97,S&P500
8/25/17,2443.05,S&P500
8/28/17,2444.24,S&P500
8/29/17,2446.3,S&P500
8/30/17,2457.59,S&P500
8/31/17,2471.65,S&P500
9/1/17,2476.55,S&P500
9/5/17,2457.85,S&P500
9/6/17,2465.54,S&P500
9/7/17,2465.1,S&P500
9/8/17,2461.43,S&P500
9/11/17,2488.11,S&P500
9/12/17,2496.48,S&P500
9/13/17,2498.37,S&P500
9/14/17,2495.62,S&P500
9/15/17,2500.23,S&P500
9/18/17,2503.87,S&P500
9/19/17,2506.65,S&P500
9/20/17,2508.24,S&P500
9/21/17,2500.6,S&P500
9/22/17,2502.22,S&P500
9/25/17,2496.66,S&P500
9/26/17,2496.84,S&P500
9/27/17,2507.04,S&P500
9/28/17,2510.06,S&P500
9/29/17,2519.36,S&P500
10/2/17,2529.12,S&P500
10/3/17,2534.58,S&P500
10/4/17,2537.74,S&P500
10/5/17,2552.07,S&P500
10/6/17,2549.33,S&P500
10/9/17,2544.73,S&P500
10/10/17,2550.64,S&P500
10/11/17,2555.24,S&P500
10/12/17,2550.93,S&P500
10/13/17,2553.17,S&P500
10/16/17,2557.64,S&P500
10/17/17,2559.36,S&P500
10/18/17,2561.26,S&P500
10/19/17,2562.1,S&P500
10/20/17,2575.21,S&P500
10/23/17,2564.98,S&P500
10/24/17,2569.13,S&P500
10/25/17,2557.15,S&P500
10/26/17,2560.4,S&P500
10/27/17,2581.07,S&P500
10/30/17,2572.83,S&P500
10/31/17,2575.26,S&P500
11/1/17,2579.36,S&P500
11/2/17,2579.85,S&P500
11/3/17,2587.84,S&P500
11/6/17,2591.13,S&P500
11/7/17,2590.64,S&P500
11/8/17,2594.38,S&P500
11/9/17,2584.62,S&P500
11/10/17,2582.3,S&P500
11/13/17,2584.84,S&P500
11/14/17,2578.87,S&P500
11/15/17,2564.62,S&P500
11/16/17,2585.64,S&P500
11/17/17,2578.85,S&P500
11/20/17,2582.14,S&P500
11/21/17,2599.03,S&P500
11/22/17,2597.08,S&P500
11/24/17,2602.42,S&P500
11/27/17,2601.42,S&P500
11/28/17,2627.04,S&P500
11/29/17,2626.07,S&P500
11/30/17,2647.58,S&P500
12/1/17,2642.22,S&P500
12/4/17,2639.44,S&P500
12/5/17,2629.57,S&P500
12/6/17,2629.27,S&P500
12/7/17,2636.98,S&P500
12/8/17,2651.5,S&P500
12/11/17,2659.99,S&P500
12/12/17,2664.11,S&P500
12/13/17,2662.85,S&P500
12/14/17,2652.01,S&P500
12/15/17,2675.81,S&P500
12/18/17,2690.16,S&P500
12/19/17,2681.47,S&P500
12/20/17,2679.25,S&P500
12/21/17,2684.57,S&P500
12/22/17,2683.34,S&P500
12/26/17,2680.5,S&P500
12/27/17,2682.62,S&P500
12/28/17,2687.54,S&P500
12/29/17,2673.61,S&P500
1/2/18,2695.81,S&P500
1/3/18,2713.06,S&P500
1/4/18,2723.99,S&P500
1/5/18,2743.15,S&P500
1/8/18,2747.71,S&P500
1/9/18,2751.29,S&P500
1/10/18,2748.23,S&P500
1/11/18,2767.56,S&P500
1/12/18,2786.24,S&P500
1/16/18,2776.42,S&P500
1/17/18,2802.56,S&P500
1/18/18,2798.03,S&P500
1/19/18,2810.3,S&P500
1/22/18,2832.97,S&P500
1/23/18,2839.13,S&P500
1/24/18,2837.54,S&P500
1/25/18,2839.25,S&P500
1/26/18,2872.87,S&P500
1/29/18,2853.53,S&P500
1/30/18,2822.43,S&P500
1/31/18,2823.81,S&P500
2/1/18,2821.98,S&P500
2/2/18,2762.13,S&P500
2/5/18,2648.94,S&P500
2/6/18,2695.14,S&P500
2/7/18,2681.66,S&P500
2/8/18,2581,S&P500
2/9/18,2619.55,S&P500
2/12/18,2656,S&P500
2/13/18,2662.94,S&P500
2/14/18,2698.63,S&P500
2/15/18,2731.2,S&P500
2/16/18,2732.22,S&P500
2/20/18,2716.26,S&P500
2/21/18,2701.33,S&P500
2/22/18,2703.96,S&P500
2/23/18,2747.3,S&P500
2/26/18,2779.6,S&P500
2/27/18,2744.28,S&P500
2/28/18,2713.83,S&P500
3/1/18,2677.67,S&P500
3/2/18,2691.25,S&P500
3/5/18,2720.94,S&P500
3/6/18,2728.12,S&P500
3/7/18,2726.8,S&P500
3/8/18,2738.97,S&P500
3/9/18,2786.57,S&P500
3/12/18,2783.02,S&P500
3/13/18,2765.31,S&P500
3/14/18,2749.48,S&P500
3/15/18,2747.33,S&P500
3/16/18,2752.01,S&P500
3/19/18,2712.92,S&P500
3/20/18,2716.94,S&P500
3/21/18,2711.93,S&P500
3/22/18,2643.69,S&P500
3/23/18,2588.26,S&P500
3/26/18,2658.55,S&P500
3/27/18,2612.62,S&P500
3/28/18,2605,S&P500
3/29/18,2640.87,S&P500
4/2/18,2581.88,S&P500
4/3/18,2614.45,S&P500
4/4/18,2644.69,S&P500
4/5/18,2662.84,S&P500
4/6/18,2604.47,S&P500
4/9/18,2613.16,S&P500
4/10/18,2656.87,S&P500
4/11/18,2642.19,S&P500
4/12/18,2663.99,S&P500
4/13/18,2656.3,S&P500
4/16/18,2677.84,S&P500
4/17/18,2706.39,S&P500
4/18/18,2708.64,S&P500
4/19/18,2693.13,S&P500
4/20/18,2670.14,S&P500
4/23/18,2670.29,S&P500
4/24/18,2634.56,S&P500
4/25/18,2639.4,S&P500
4/26/18,2666.94,S&P500
4/27/18,2669.91,S&P500
4/30/18,2648.05,S&P500
5/1/18,2654.8,S&P500
5/2/18,2635.67,S&P500
5/3/18,2629.73,S&P500
5/4/18,2663.42,S&P500
5/7/18,2672.63,S&P500
5/8/18,2671.92,S&P500
5/9/18,2697.79,S&P500
5/10/18,2723.07,S&P500
5/11/18,2727.72,S&P500
5/14/18,2730.13,S&P500
5/15/18,2711.45,S&P500
5/16/18,2722.46,S&P500
5/17/18,2720.13,S&P500
5/18/18,2712.97,S&P500
5/21/18,2733.01,S&P500
5/22/18,2724.44,S&P500
5/23/18,2733.29,S&P500
5/24/18,2727.76,S&P500
5/25/18,2721.33,S&P500
5/29/18,2689.86,S&P500
5/30/18,2724.01,S&P500
5/31/18,2705.27,S&P500
6/1/18,2734.62,S&P500
6/4/18,2746.87,S&P500
6/5/18,2748.8,S&P500
6/6/18,2772.35,S&P500
6/7/18,2770.37,S&P500
6/8/18,2779.03,S&P500
6/11/18,2782,S&P500
6/12/18,2786.85,S&P500
6/13/18,2775.63,S&P500
6/14/18,2782.49,S&P500
6/15/18,2779.66,S&P500
6/18/18,2773.75,S&P500
6/19/18,2762.59,S&P500
6/20/18,2767.32,S&P500
6/21/18,2749.76,S&P500
6/22/18,2754.88,S&P500
6/25/18,2717.07,S&P500
6/26/18,2723.06,S&P500
6/27/18,2699.63,S&P500
6/28/18,2716.31,S&P500
6/29/18,2718.37,S&P500
7/2/18,2726.71,S&P500
7/3/18,2713.22,S&P500
7/5/18,2736.61,S&P500
7/6/18,2759.82,S&P500
7/9/18,2784.17,S&P500
7/10/18,2793.84,S&P500
7/11/18,2774.02,S&P500
7/12/18,2798.29,S&P500
7/13/18,2801.31,S&P500
7/16/18,2798.43,S&P500
7/17/18,2809.55,S&P500
7/18/18,2815.62,S&P500
7/19/18,2804.49,S&P500
7/20/18,2801.83,S&P500
7/23/18,2806.98,S&P500
7/24/18,2820.4,S&P500
7/25/18,2846.07,S&P500
7/26/18,2837.44,S&P500
7/27/18,2818.82,S&P500
7/30/18,2802.6,S&P500
7/31/18,2816.29,S&P500
8/1/18,2813.36,S&P500
8/2/18,2827.22,S&P500
8/3/18,2840.35,S&P500
8/6/18,2850.4,S&P500
8/7/18,2858.45,S&P500
8/8/18,2857.7,S&P500
8/9/18,2853.58,S&P500
8/10/18,2833.28,S&P500
8/13/18,2821.93,S&P500
8/14/18,2839.96,S&P500
8/15/18,2818.37,S&P500
8/16/18,2840.69,S&P500
8/17/18,2850.13,S&P500
8/20/18,2857.05,S&P500
8/21/18,2862.96,S&P500
8/22/18,2861.82,S&P500
8/23/18,2856.98,S&P500
8/24/18,2874.69,S&P500
8/27/18,2896.74,S&P500
8/28/18,2897.52,S&P500
8/29/18,2914.04,S&P500
8/30/18,2901.13,S&P500
8/31/18,2901.52,S&P500
9/4/18,2896.72,S&P500
9/5/18,2888.6,S&P500
9/6/18,2878.05,S&P500
9/7/18,2871.68,S&P500
9/10/18,2877.13,S&P500
9/11/18,2887.89,S&P500
9/12/18,2888.92,S&P500
9/13/18,2904.18,S&P500
9/14/18,2904.98,S&P500
9/17/18,2888.8,S&P500
9/18/18,2904.31,S&P500
9/19/18,2907.95,S&P500
9/20/18,2930.75,S&P500
9/21/18,2929.67,S&P500
9/24/18,2919.37,S&P500
9/25/18,2915.56,S&P500
9/26/18,2905.97,S&P500
9/27/18,2914,S&P500
9/28/18,2913.98,S&P500
10/1/18,2924.59,S&P500
10/2/18,2923.43,S&P500
10/3/18,2925.51,S&P500
10/4/18,2901.61,S&P500
10/5/18,2885.57,S&P500
10/8/18,2884.43,S&P500
10/9/18,2880.34,S&P500
10/10/18,2785.68,S&P500
10/11/18,2728.37,S&P500
10/12/18,2767.13,S&P500
10/15/18,2750.79,S&P500
10/16/18,2809.92,S&P500
10/17/18,2809.21,S&P500
10/18/18,2768.78,S&P500
10/19/18,2767.78,S&P500
10/22/18,2755.88,S&P500
10/23/18,2740.69,S&P500
10/24/18,2656.1,S&P500
10/25/18,2705.57,S&P500
10/26/18,2658.69,S&P500
10/29/18,2641.25,S&P500
10/30/18,2682.63,S&P500
10/31/18,2711.74,S&P500
11/1/18,2740.37,S&P500
11/2/18,2723.06,S&P500
11/5/18,2738.31,S&P500
11/6/18,2755.45,S&P500
11/7/18,2813.89,S&P500
11/8/18,2806.83,S&P500
11/9/18,2781.01,S&P500
11/12/18,2726.22,S&P500
11/13/18,2722.18,S&P500
11/14/18,2701.58,S&P500
11/15/18,2730.2,S&P500
11/16/18,2736.27,S&P500
11/19/18,2690.73,S&P500
11/20/18,2641.89,S&P500
11/21/18,2649.93,S&P500
11/23/18,2632.56,S&P500
11/26/18,2673.45,S&P500
11/27/18,2682.17,S&P500
11/28/18,2743.79,S&P500
11/29/18,2737.76,S&P500
11/30/18,2760.17,S&P500
12/3/18,2790.37,S&P500
12/4/18,2700.06,S&P500
12/6/18,2695.95,S&P500
12/7/18,2633.08,S&P500
12/10/18,2637.72,S&P500
12/11/18,2636.78,S&P500
12/12/18,2651.07,S&P500
12/13/18,2650.54,S&P500
12/14/18,2599.95,S&P500
12/17/18,2545.94,S&P500
12/18/18,2546.16,S&P500
12/19/18,2506.96,S&P500
12/20/18,2467.42,S&P500
12/21/18,2416.62,S&P500
12/24/18,2351.1,S&P500
12/26/18,2467.7,S&P500
12/27/18,2488.83,S&P500
12/28/18,2485.74,S&P500
12/31/18,2506.85,S&P500
1/2/19,2510.03,S&P500
1/3/19,2447.89,S&P500
1/4/19,2531.94,S&P500
1/7/19,2549.69,S&P500
1/8/19,2574.41,S&P500
1/9/19,2584.96,S&P500
1/10/19,2596.64,S&P500
1/11/19,2596.26,S&P500
1/14/19,2582.61,S&P500
1/15/19,2610.3,S&P500
1/16/19,2616.1,S&P500
1/17/19,2635.96,S&P500
1/18/19,2670.71,S&P500
1/22/19,2632.9,S&P500
1/23/19,2638.7,S&P500
1/24/19,2642.33,S&P500
1/25/19,2664.76,S&P500
1/28/19,2643.85,S&P500
1/29/19,2640,S&P500
1/30/19,2681.05,S&P500
1/31/19,2704.1,S&P500
2/1/19,2706.53,S&P500
2/4/19,2724.87,S&P500
2/5/19,2737.7,S&P500
2/6/19,2731.61,S&P500
2/7/19,2706.05,S&P500
2/8/19,2707.88,S&P500
2/11/19,2709.8,S&P500
2/12/19,2744.73,S&P500
2/13/19,2753.03,S&P500
2/14/19,2745.73,S&P500
2/15/19,2775.6,S&P500
2/19/19,2779.76,S&P500
2/20/19,2784.7,S&P500
2/21/19,2774.88,S&P500
2/22/19,2792.67,S&P500
2/25/19,2796.11,S&P500
2/26/19,2793.9,S&P500
2/27/19,2792.38,S&P500
2/28/19,2784.49,S&P500
3/1/19,2803.69,S&P500
3/4/19,2792.81,S&P500
3/5/19,2789.65,S&P500
3/6/19,2771.45,S&P500
3/7/19,2748.93,S&P500
3/8/19,2743.07,S&P500
3/11/19,2783.3,S&P500
3/12/19,2791.52,S&P500
3/13/19,2810.92,S&P500
3/14/19,2808.48,S&P500
3/15/19,2822.48,S&P500
3/18/19,2832.94,S&P500
3/19/19,2832.57,S&P500
3/20/19,2824.23,S&P500
3/21/19,2854.88,S&P500
3/22/19,2800.71,S&P500
3/25/19,2798.36,S&P500
3/26/19,2818.46,S&P500
3/27/19,2805.37,S&P500
3/28/19,2815.44,S&P500
3/29/19,2834.4,S&P500
4/1/19,2867.19,S&P500
4/2/19,2867.24,S&P500
4/3/19,2873.4,S&P500
4/4/19,2879.39,S&P500
4/5/19,2892.74,S&P500
4/8/19,2895.77,S&P500
4/9/19,2878.2,S&P500
4/10/19,2888.21,S&P500
4/11/19,2888.32,S&P500
4/12/19,2907.41,S&P500
4/15/19,2905.58,S&P500
4/16/19,2907.06,S&P500
4/17/19,2900.45,S&P500
4/18/19,2905.03,S&P500
4/22/19,2907.97,S&P500
4/23/19,2933.68,S&P500
4/24/19,2927.25,S&P500
4/25/19,2926.17,S&P500
4/26/19,2939.88,S&P500
4/29/19,2943.03,S&P500
4/30/19,2945.83,S&P500
5/1/19,2923.73,S&P500
5/2/19,2917.52,S&P500
5/3/19,2945.64,S&P500
5/6/19,2932.47,S&P500
5/7/19,2884.05,S&P500
5/8/19,2879.42,S&P500
5/9/19,2870.72,S&P500
5/10/19,2881.4,S&P500
5/13/19,2811.87,S&P500
5/14/19,2834.41,S&P500
5/15/19,2850.96,S&P500
5/16/19,2876.32,S&P500
5/17/19,2859.53,S&P500
5/20/19,2840.23,S&P500
5/21/19,2864.36,S&P500
5/22/19,2856.27,S&P500
5/23/19,2822.24,S&P500
5/24/19,2826.06,S&P500
5/28/19,2802.39,S&P500
5/29/19,2783.02,S&P500
5/30/19,2788.86,S&P500
5/31/19,2752.06,S&P500
6/3/19,2744.45,S&P500
6/4/19,2803.27,S&P500
6/5/19,2826.15,S&P500
6/6/19,2843.49,S&P500
6/7/19,2873.34,S&P500
6/10/19,2886.73,S&P500
6/11/19,2885.72,S&P500
6/12/19,2879.84,S&P500
6/13/19,2891.64,S&P500
6/14/19,2886.98,S&P500
6/17/19,2889.67,S&P500
6/18/19,2917.75,S&P500
6/19/19,2926.46,S&P500
6/20/19,2954.18,S&P500
6/21/19,2950.46,S&P500
6/24/19,2945.35,S&P500
6/25/19,2917.38,S&P500
6/26/19,2913.78,S&P500
6/27/19,2924.92,S&P500
6/28/19,2941.76,S&P500
7/1/19,2964.33,S&P500
7/2/19,2973.01,S&P500
7/3/19,2995.82,S&P500
7/5/19,2990.41,S&P500
7/8/19,2975.95,S&P500
7/9/19,2979.63,S&P500
7/10/19,2993.07,S&P500
7/11/19,2999.91,S&P500
7/12/19,3013.77,S&P500
7/15/19,3014.3,S&P500
7/16/19,3004.04,S&P500
7/17/19,2984.42,S&P500
7/18/19,2995.11,S&P500
7/19/19,2976.61,S&P500
7/22/19,2985.03,S&P500
7/23/19,3005.47,S&P500
7/24/19,3019.56,S&P500
7/25/19,3003.67,S&P500
7/26/19,3025.86,S&P500
7/29/19,3020.97,S&P500
7/30/19,3013.18,S&P500
7/31/19,2980.38,S&P500
8/1/19,2953.56,S&P500
8/2/19,2932.05,S&P500
8/5/19,2844.74,S&P500
8/6/19,2881.77,S&P500
8/7/19,2883.98,S&P500
8/8/19,2938.09,S&P500
8/9/19,2918.65,S&P500
8/12/19,2883.75,S&P500
8/13/19,2926.32,S&P500
8/14/19,2840.6,S&P500
8/15/19,2847.6,S&P500
8/16/19,2888.68,S&P500
8/19/19,2923.65,S&P500
8/20/19,2900.51,S&P500
8/21/19,2924.43,S&P500
8/22/19,2922.95,S&P500
8/23/19,2847.11,S&P500
8/26/19,2878.38,S&P500
8/27/19,2869.16,S&P500
8/28/19,2887.94,S&P500
8/29/19,2924.58,S&P500
8/30/19,2926.46,S&P500
9/3/19,2906.27,S&P500
9/4/19,2937.78,S&P500
9/5/19,2976,S&P500
9/6/19,2978.71,S&P500
9/9/19,2978.43,S&P500
9/10/19,2979.39,S&P500
9/11/19,3000.93,S&P500
9/12/19,3009.57,S&P500
9/13/19,3007.39,S&P500
9/16/19,2997.96,S&P500
9/17/19,3005.7,S&P500
9/18/19,3006.73,S&P500
9/19/19,3006.79,S&P500
9/20/19,2992.07,S&P500
9/23/19,2991.78,S&P500
9/24/19,2966.6,S&P500
9/25/19,2984.87,S&P500
9/26/19,2977.62,S&P500
9/27/19,2961.79,S&P500
9/30/19,2976.74,S&P500
10/1/19,2940.25,S&P500
10/2/19,2887.61,S&P500
10/3/19,2910.63,S&P500
10/4/19,2952.01,S&P500
10/7/19,2938.79,S&P500
10/8/19,2893.06,S&P500
10/9/19,2919.4,S&P500
10/10/19,2938.13,S&P500
10/11/19,2970.27,S&P500
10/14/19,2966.15,S&P500
10/15/19,2995.68,S&P500
10/16/19,2989.69,S&P500
10/17/19,2997.95,S&P500
10/18/19,2986.2,S&P500
10/21/19,3006.72,S&P500
10/22/19,2995.99,S&P500
10/23/19,3004.52,S&P500
10/24/19,3010.29,S&P500
10/25/19,3022.55,S&P500
10/28/19,3039.42,S&P500
10/29/19,3036.89,S&P500
10/30/19,3046.77,S&P500
10/31/19,3037.56,S&P500
11/1/19,3066.91,S&P500
11/4/19,3078.27,S&P500
11/5/19,3074.62,S&P500
11/6/19,3076.78,S&P500
11/7/19,3085.18,S&P500
11/8/19,3093.08,S&P500
11/11/19,3087.01,S&P500
11/12/19,3091.84,S&P500
11/13/19,3094.04,S&P500
11/14/19,3096.63,S&P500
11/15/19,3120.46,S&P500
11/18/19,3122.03,S&P500
11/19/19,3120.18,S&P500
11/20/19,3108.46,S&P500
11/21/19,3103.54,S&P500
11/22/19,3110.29,S&P500
11/25/19,3133.64,S&P500
11/26/19,3140.52,S&P500
11/27/19,3153.63,S&P500
11/29/19,3140.98,S&P500
12/2/19,3113.87,S&P500
12/3/19,3093.2,S&P500
12/4/19,3112.76,S&P500
12/5/19,3117.43,S&P500
12/6/19,3145.91,S&P500
12/9/19,3135.96,S&P500
12/10/19,3132.52,S&P500
12/11/19,3141.63,S&P500
12/12/19,3168.57,S&P500
12/13/19,3168.8,S&P500
12/16/19,3191.45,S&P500
12/17/19,3192.52,S&P500
12/18/19,3191.14,S&P500
12/19/19,3205.37,S&P500
12/20/19,3221.22,S&P500
12/23/19,3224.01,S&P500
12/24/19,3223.38,S&P500
12/26/19,3239.91,S&P500
12/27/19,3240.02,S&P500
12/30/19,3221.29,S&P500
12/31/19,3230.78,S&P500
1/2/20,3257.85,S&P500
1/3/20,3234.85,S&P500
1/6/20,3246.28,S&P500
1/7/20,3237.18,S&P500
1/8/20,3253.05,S&P500
1/9/20,3274.7,S&P500
1/10/20,3265.35,S&P500
1/13/20,3288.13,S&P500
1/14/20,3283.15,S&P500
1/15/20,3289.29,S&P500
1/16/20,3316.81,S&P500
1/17/20,3329.62,S&P500
1/21/20,3320.79,S&P500
1/22/20,3321.75,S&P500
1/23/20,3325.54,S&P500
1/24/20,3295.47,S&P500
1/27/20,3243.63,S&P500
1/28/20,3276.24,S&P500
1/29/20,3273.4,S&P500
1/30/20,3283.66,S&P500
1/31/20,3225.52,S&P500
2/3/20,3248.92,S&P500
2/4/20,3297.59,S&P500
2/5/20,3334.69,S&P500
2/6/20,3345.78,S&P500
2/7/20,3327.71,S&P500
2/10/20,3352.09,S&P500
2/11/20,3357.75,S&P500
2/12/20,3379.45,S&P500
2/13/20,3373.94,S&P500
2/14/20,3380.16,S&P500
2/18/20,3370.29,S&P500
2/19/20,3386.15,S&P500
2/20/20,3373.23,S&P500
2/21/20,3337.75,S&P500
2/24/20,3225.89,S&P500
2/25/20,3128.21,S&P500
2/26/20,3116.39,S&P500
2/27/20,2978.76,S&P500
2/28/20,2954.22,S&P500
3/2/20,3090.23,S&P500
3/3/20,3003.37,S&P500
3/4/20,3130.12,S&P500
3/5/20,3023.94,S&P500
3/6/20,2972.37,S&P500
3/9/20,2746.56,S&P500
3/10/20,2882.23,S&P500
3/11/20,2741.38,S&P500
3/12/20,2480.64,S&P500
3/13/20,2711.02,S&P500
3/16/20,2386.13,S&P500
3/17/20,2529.19,S&P500
3/18/20,2398.1,S&P500
3/19/20,2409.39,S&P500
3/20/20,2304.92,S&P500
3/23/20,2237.4,S&P500
3/24/20,2447.33,S&P500
3/25/20,2475.56,S&P500
3/26/20,2630.07,S&P500
3/27/20,2541.47,S&P500
3/30/20,2626.65,S&P500
3/31/20,2584.59,S&P500
4/1/20,2470.5,S&P500
4/2/20,2526.9,S&P500
4/3/20,2488.65,S&P500
4/6/20,2663.68,S&P500
4/7/20,2659.41,S&P500
4/8/20,2749.98,S&P500
4/9/20,2789.82,S&P500
4/13/20,2761.63,S&P500
4/14/20,2846.06,S&P500
4/15/20,2783.36,S&P500
4/16/20,2799.55,S&P500
4/17/20,2874.56,S&P500
4/20/20,2823.16,S&P500
4/21/20,2736.56,S&P500
4/22/20,2799.31,S&P500
4/23/20,2797.8,S&P500
4/24/20,2836.74,S&P500
4/27/20,2878.48,S&P500
4/28/20,2863.39,S&P500
4/29/20,2939.51,S&P500
4/30/20,2912.43,S&P500
5/1/20,2830.71,S&P500
5/4/20,2842.74,S&P500
5/5/20,2868.44,S&P500
5/6/20,2848.42,S&P500
5/7/20,2881.19,S&P500
5/8/20,2929.8,S&P500
5/11/20,2930.32,S&P500
5/12/20,2870.12,S&P500
5/13/20,2820,S&P500
5/14/20,2852.5,S&P500
5/15/20,2863.7,S&P500
5/18/20,2953.91,S&P500
5/19/20,2922.94,S&P500
5/20/20,2971.61,S&P500
5/21/20,2948.51,S&P500
5/22/20,2955.45,S&P500
5/26/20,2991.77,S&P500
5/27/20,3036.13,S&P500
5/28/20,3029.73,S&P500
5/29/20,3044.31,S&P500
6/1/20,3055.73,S&P500
6/2/20,3080.82,S&P500
6/3/20,3122.87,S&P500
6/4/20,3112.35,S&P500
6/5/20,3193.93,S&P500
6/8/20,3232.39,S&P500
6/9/20,3207.18,S&P500
6/10/20,3190.14,S&P500
6/11/20,3002.1,S&P500
6/12/20,3041.31,S&P500
6/15/20,3066.59,S&P500
6/16/20,3124.74,S&P500
6/17/20,3113.49,S&P500
6/18/20,3115.34,S&P500
6/19/20,3097.74,S&P500
6/22/20,3117.86,S&P500
6/23/20,3131.29,S&P500
6/24/20,3050.33,S&P500
6/25/20,3083.76,S&P500
6/26/20,3009.05,S&P500
6/29/20,3053.24,S&P500
6/30/20,3100.29,S&P500
7/1/20,3115.86,S&P500
7/2/20,3130.01,S&P500
7/6/20,3179.72,S&P500
7/7/20,3145.32,S&P500
7/8/20,3169.94,S&P500
7/9/20,3152.05,S&P500
7/10/20,3185.04,S&P500
7/13/20,3155.22,S&P500
7/14/20,3197.52,S&P500
7/15/20,3226.56,S&P500
7/16/20,3215.57,S&P500
7/17/20,3224.73,S&P500
7/20/20,3251.84,S&P500
7/21/20,3257.3,S&P500
7/22/20,3276.02,S&P500
7/23/20,3235.66,S&P500
7/24/20,3215.63,S&P500
7/27/20,3239.41,S&P500
7/28/20,3218.44,S&P500
7/29/20,3258.44,S&P500
7/30/20,3246.22,S&P500
7/31/20,3271.12,S&P500
8/3/20,3294.61,S&P500
8/4/20,3306.51,S&P500
8/5/20,3327.77,S&P500
8/6/20,3349.16,S&P500
8/7/20,3351.28,S&P500
8/10/20,3360.47,S&P500
8/11/20,3333.69,S&P500
8/12/20,3380.35,S&P500
8/13/20,3373.43,S&P500
8/14/20,3372.85,S&P500
8/17/20,3381.99,S&P500
8/18/20,3389.78,S&P500
8/19/20,3374.85,S&P500
8/20/20,3385.51,S&P500
8/21/20,3397.16,S&P500
8/24/20,3431.28,S&P500
8/25/20,3443.62,S&P500
8/26/20,3478.73,S&P500
8/27/20,3484.55,S&P500
8/28/20,3508.01,S&P500
8/31/20,3500.31,S&P500
9/1/20,3526.65,S&P500
9/2/20,3580.84,S&P500
9/3/20,3455.06,S&P500
9/4/20,3426.96,S&P500
9/8/20,3331.84,S&P500
9/9/20,3398.96,S&P500
9/10/20,3339.19,S&P500
9/11/20,3340.97,S&P500
9/14/20,3383.54,S&P500
9/15/20,3401.2,S&P500
9/16/20,3385.49,S&P500
9/17/20,3357.01,S&P500
9/18/20,3319.47,S&P500
9/21/20,3281.06,S&P500
9/22/20,3315.57,S&P500
9/23/20,3236.92,S&P500
9/24/20,3246.59,S&P500
9/25/20,3298.46,S&P500
9/28/20,3351.6,S&P500
9/29/20,3335.47,S&P500
9/30/20,3363,S&P500
10/1/20,3380.8,S&P500
10/2/20,3348.44,S&P500
10/5/20,3408.63,S&P500
10/6/20,3360.95,S&P500
10/7/20,3419.45,S&P500
10/8/20,3446.83,S&P500
10/9/20,3477.13,S&P500
10/12/20,3534.22,S&P500
10/13/20,3511.93,S&P500
10/14/20,3488.67,S&P500
10/15/20,3483.34,S&P500
10/16/20,3483.81,S&P500
10/19/20,3426.92,S&P500
10/20/20,3443.12,S&P500
10/21/20,3435.56,S&P500
10/22/20,3453.49,S&P500
10/23/20,3465.39,S&P500
10/26/20,3400.97,S&P500
10/27/20,3390.68,S&P500
10/28/20,3271.03,S&P500
10/29/20,3310.11,S&P500
10/30/20,3269.96,S&P500
11/2/20,3310.24,S&P500
11/3/20,3369.16,S&P500
11/4/20,3443.44,S&P500
11/5/20,3510.45,S&P500
11/6/20,3509.44,S&P500
11/9/20,3550.5,S&P500
11/10/20,3545.53,S&P500
11/11/20,3572.66,S&P500
11/12/20,3537.01,S&P500
11/13/20,3585.15,S&P500
11/16/20,3626.91,S&P500
11/17/20,3609.53,S&P500
11/18/20,3567.79,S&P500
11/19/20,3581.87,S&P500
11/20/20,3557.54,S&P500
11/23/20,3577.59,S&P500
11/24/20,3635.41,S&P500
11/25/20,3629.65,S&P500
11/27/20,3638.35,S&P500
11/30/20,3621.63,S&P500
12/1/20,3662.45,S&P500
12/2/20,3669.01,S&P500
12/3/20,3666.72,S&P500
12/4/20,3699.12,S&P500
12/7/20,3691.96,S&P500
12/8/20,3702.25,S&P500
12/9/20,3672.82,S&P500
12/10/20,3668.1,S&P500
12/11/20,3663.46,S&P500
12/14/20,3647.49,S&P500
12/15/20,3694.62,S&P500
12/16/20,3701.17,S&P500
12/17/20,3722.48,S&P500
12/18/20,3709.41,S&P500
12/21/20,3694.92,S&P500
12/22/20,3687.26,S&P500
12/23/20,3690.01,S&P500
12/24/20,3703.06,S&P500
12/28/20,3735.36,S&P500
12/29/20,3727.04,S&P500
12/30/20,3732.04,S&P500
12/31/20,3756.07,S&P500
1/4/21,3700.65,S&P500
1/5/21,3726.86,S&P500
1/6/21,3748.14,S&P500
1/7/21,3803.79,S&P500
1/8/21,3824.68,S&P500
1/11/21,3799.61,S&P500
1/12/21,3801.19,S&P500
1/13/21,3809.84,S&P500
1/14/21,3795.54,S&P500
1/15/21,3768.25,S&P500
1/19/21,3798.91,S&P500
1/20/21,3851.85,S&P500
1/21/21,3853.07,S&P500
1/22/21,3841.47,S&P500
1/25/21,3855.36,S&P500
1/26/21,3849.62,S&P500
1/27/21,3750.77,S&P500
1/28/21,3787.38,S&P500
1/29/21,3714.24,S&P500
2/1/21,3773.86,S&P500
2/2/21,3826.31,S&P500
2/3/21,3830.17,S&P500
2/4/21,3871.74,S&P500
2/5/21,3886.83,S&P500
2/8/21,3915.59,S&P500
2/9/21,3911.23,S&P500
2/10/21,3909.88,S&P500
2/11/21,3916.38,S&P500
2/12/21,3934.83,S&P500
2/16/21,3932.59,S&P500
2/17/21,3931.33,S&P500
2/18/21,3913.97,S&P500
2/19/21,3906.71,S&P500
2/22/21,3876.5,S&P500
2/23/21,3881.37,S&P500
2/24/21,3925.43,S&P500
2/25/21,3829.34,S&P500
2/26/21,3811.15,S&P500
3/1/21,3901.82,S&P500
3/2/21,3870.29,S&P500
3/3/21,3819.72,S&P500
3/4/21,3768.47,S&P500
3/5/21,3841.94,S&P500
3/8/21,3821.35,S&P500
3/9/21,3875.44,S&P500
3/10/21,3898.81,S&P500
3/11/21,3939.34,S&P500
3/12/21,3943.34,S&P500
3/15/21,3968.94,S&P500
3/16/21,3962.71,S&P500
3/17/21,3974.12,S&P500
3/18/21,3915.46,S&P500
3/19/21,3913.1,S&P500
3/22/21,3940.59,S&P500
3/23/21,3910.52,S&P500
3/24/21,3889.14,S&P500
3/25/21,3909.52,S&P500
3/26/21,3974.54,S&P500
3/29/21,3971.09,S&P500
3/30/21,3958.55,S&P500
3/31/21,3972.89,S&P500
4/1/21,4019.87,S&P500
4/5/21,4077.91,S&P500
4/6/21,4073.94,S&P500
4/7/21,4079.95,S&P500
4/8/21,4097.17,S&P500
4/9/21,4128.8,S&P500
4/12/21,4127.99,S&P500
4/13/21,4141.59,S&P500
4/14/21,4124.66,S&P500
4/15/21,4170.42,S&P500
4/16/21,4185.47,S&P500
4/19/21,4163.26,S&P500
4/20/21,4134.94,S&P500
4/21/21,4173.42,S&P500
4/22/21,4134.98,S&P500
4/23/21,4180.17,S&P500
4/26/21,4187.62,S&P500
4/27/21,4186.72,S&P500
4/28/21,4183.18,S&P500
4/29/21,4211.47,S&P500
4/30/21,4181.17,S&P500
5/3/21,4192.66,S&P500
5/4/21,4164.66,S&P500
5/5/21,4167.59,S&P500
5/6/21,4201.62,S&P500
5/7/21,4232.6,S&P500
5/10/21,4188.43,S&P500
5/11/21,4152.1,S&P500
5/12/21,4063.04,S&P500
5/13/21,4112.5,S&P500
5/14/21,4173.85,S&P500
5/17/21,4163.29,S&P500
5/18/21,4127.83,S&P500
5/19/21,4115.68,S&P500
5/20/21,4159.12,S&P500
5/21/21,4155.86,S&P500
5/24/21,4197.05,S&P500
5/25/21,4188.13,S&P500
5/26/21,4195.99,S&P500
5/27/21,4200.88,S&P500
5/28/21,4204.11,S&P500
6/1/21,4202.04,S&P500
6/2/21,4208.12,S&P500
6/3/21,4192.85,S&P500
6/4/21,4229.89,S&P500
6/7/21,4226.52,S&P500
6/8/21,4227.26,S&P500
6/9/21,4219.55,S&P500
6/10/21,4239.18,S&P500
6/11/21,4247.44,S&P500
6/14/21,4255.15,S&P500
6/15/21,4246.59,S&P500
6/16/21,4223.7,S&P500
6/17/21,4221.86,S&P500
6/18/21,4166.45,S&P500
6/21/21,4224.79,S&P500
6/22/21,4246.44,S&P500
6/23/21,4241.84,S&P500
6/24/21,4266.49,S&P500
6/25/21,4280.7,S&P500
6/28/21,4290.61,S&P500
6/29/21,4291.8,S&P500
6/30/21,4297.5,S&P500
7/1/21,4319.94,S&P500
7/2/21,4352.34,S&P500
7/6/21,4343.54,S&P500
7/7/21,4358.13,S&P500
7/8/21,4320.82,S&P500
7/9/21,4369.55,S&P500
7/12/21,4384.63,S&P500
7/13/21,4369.21,S&P500
7/14/21,4374.3,S&P500
7/15/21,4360.03,S&P500
7/16/21,4327.16,S&P500
7/19/21,4258.49,S&P500
7/20/21,4323.06,S&P500
7/21/21,4358.69,S&P500
7/22/21,4367.48,S&P500
7/23/21,4411.79,S&P500
7/26/21,4422.3,S&P500
7/27/21,4401.46,S&P500
7/28/21,4400.64,S&P500
7/29/21,4419.15,S&P500
7/30/21,4395.26,S&P500
8/2/21,4387.16,S&P500
8/3/21,4423.15,S&P500
8/4/21,4402.66,S&P500
8/5/21,4429.1,S&P500
8/6/21,4436.52,S&P500
8/9/21,4432.35,S&P500
8/10/21,4436.75,S&P500
8/11/21,4447.7,S&P500
8/12/21,4460.83,S&P500
8/13/21,4468,S&P500
8/16/21,4479.71,S&P500
8/17/21,4448.08,S&P500
8/18/21,4400.27,S&P500
8/19/21,4405.8,S&P500
8/20/21,4441.67,S&P500
8/23/21,4479.53,S&P500
8/24/21,4486.23,S&P500
8/25/21,4496.19,S&P500
8/26/21,4470,S&P500
8/27/21,4509.37,S&P500
8/30/21,4528.79,S&P500
8/31/21,4522.68,S&P500
9/1/21,4524.09,S&P500
9/2/21,4536.95,S&P500
9/3/21,4535.43,S&P500
9/7/21,4520.03,S&P500
9/8/21,4514.07,S&P500
9/9/21,4493.28,S&P500
9/10/21,4458.58,S&P500
9/13/21,4468.73,S&P500
9/14/21,4443.05,S&P500
9/15/21,4480.7,S&P500
9/16/21,4473.75,S&P500
9/17/21,4432.99,S&P500
9/20/21,4357.73,S&P500
9/21/21,4354.19,S&P500
9/22/21,4395.64,S&P500
9/23/21,4448.98,S&P500
9/24/21,4455.48,S&P500
9/27/21,4443.11,S&P500
9/28/21,4352.63,S&P500
9/29/21,4359.46,S&P500
9/30/21,4307.54,S&P500
10/1/21,4357.04,S&P500
10/4/21,4300.46,S&P500
10/5/21,4345.72,S&P500
10/6/21,4363.55,S&P500
10/7/21,4399.76,S&P500
10/8/21,4391.34,S&P500
10/11/21,4361.19,S&P500
10/12/21,4350.65,S&P500
10/13/21,4363.8,S&P500
10/14/21,4438.26,S&P500
10/15/21,4471.37,S&P500
10/18/21,4486.46,S&P500
10/19/21,4519.63,S&P500
10/20/21,4536.19,S&P500
10/21/21,4549.78,S&P500
10/22/21,4544.9,S&P500
10/25/21,4566.48,S&P500
10/26/21,4574.79,S&P500
10/27/21,4551.68,S&P500
10/28/21,4596.42,S&P500
10/29/21,4605.38,S&P500
11/1/21,4613.67,S&P500
11/2/21,4630.65,S&P500
11/3/21,4660.57,S&P500
11/4/21,4680.06,S&P500
11/5/21,4697.53,S&P500
11/8/21,4701.7,S&P500
11/9/21,4685.25,S&P500
11/10/21,4646.71,S&P500
11/11/21,4649.27,S&P500
11/12/21,4682.85,S&P500
11/15/21,4682.8,S&P500
11/16/21,4700.9,S&P500
11/17/21,4688.67,S&P500
11/18/21,4704.54,S&P500
11/19/21,4697.96,S&P500
11/22/21,4682.94,S&P500
11/23/21,4690.7,S&P500
11/24/21,4701.46,S&P500
11/26/21,4594.62,S&P500
11/29/21,4655.27,S&P500
11/30/21,4567,S&P500
12/1/21,4513.04,S&P500
12/2/21,4577.1,S&P500
12/3/21,4538.43,S&P500
12/6/21,4591.67,S&P500
12/7/21,4686.75,S&P500
12/8/21,4701.21,S&P500
12/9/21,4667.45,S&P500
12/10/21,4712.02,S&P500
12/13/21,4668.97,S&P500
12/14/21,4634.09,S&P500
12/15/21,4709.85,S&P500
12/16/21,4668.67,S&P500
12/17/21,4620.64,S&P500
12/20/21,4568.02,S&P500
12/21/21,4649.23,S&P500
12/22/21,4696.56,S&P500
12/23/21,4725.79,S&P500
12/27/21,4791.19,S&P500
12/28/21,4786.35,S&P500
12/29/21,4793.06,S&P500
12/30/21,4778.73,S&P500
12/31/21,4766.18,S&P500
1/3/22,4796.56,S&P500
1/4/22,4793.54,S&P500
1/5/22,4700.58,S&P500
1/6/22,4696.05,S&P500
1/7/22,4677.03,S&P500
1/10/22,4670.29,S&P500
1/11/22,4713.07,S&P500
1/12/22,4726.35,S&P500
1/13/22,4659.03,S&P500
1/14/22,4662.85,S&P500
1/18/22,4577.11,S&P500
1/19/22,4532.76,S&P500
1/20/22,4482.73,S&P500
1/21/22,4397.94,S&P500
1/24/22,4410.13,S&P500
1/25/22,4356.45,S&P500
1/26/22,4349.93,S&P500
1/27/22,4326.51,S&P500
1/28/22,4431.85,S&P500
1/31/22,4515.55,S&P500
2/1/22,4546.54,S&P500
2/2/22,4589.38,S&P500
2/3/22,4477.44,S&P500
2/4/22,4500.53,S&P500
2/7/22,4483.87,S&P500
2/8/22,4521.54,S&P500
2/9/22,4587.18,S&P500
2/10/22,4504.08,S&P500
2/11/22,4418.64,S&P500
2/14/22,4401.67,S&P500
2/15/22,4471.07,S&P500
2/16/22,4475.01,S&P500
2/17/22,4380.26,S&P500
2/18/22,4348.87,S&P500
2/22/22,4304.76,S&P500
2/23/22,4225.5,S&P500
2/24/22,4288.7,S&P500
2/25/22,4384.65,S&P500
2/28/22,4373.94,S&P500
3/1/22,4306.26,S&P500
3/2/22,4386.54,S&P500
3/3/22,4363.49,S&P500
3/4/22,4328.87,S&P500
3/7/22,4201.09,S&P500
3/8/22,4170.7,S&P500
3/9/22,4277.88,S&P500
3/10/22,4259.52,S&P500
3/11/22,4204.31,S&P500
3/14/22,4173.11,S&P500
3/15/22,4262.45,S&P500
3/16/22,4357.86,S&P500
3/17/22,4411.67,S&P500
3/18/22,4463.12,S&P500
3/21/22,4461.18,S&P500
3/22/22,4511.61,S&P500
3/23/22,4456.24,S&P500
3/24/22,4520.16,S&P500
3/25/22,4543.06,S&P500
3/28/22,4575.52,S&P500
3/29/22,4631.6,S&P500
3/30/22,4602.45,S&P500
3/31/22,4530.41,S&P500
4/1/22,4545.86,S&P500
4/4/22,4582.64,S&P500
4/5/22,4525.12,S&P500
4/6/22,4481.15,S&P500
4/7/22,4500.21,S&P500
4/8/22,4488.28,S&P500
4/11/22,4412.53,S&P500
4/12/22,4397.45,S&P500
4/13/22,4446.59,S&P500
4/14/22,4392.59,S&P500
4/18/22,4391.69,S&P500
4/19/22,4462.21,S&P500
4/20/22,4459.45,S&P500
4/21/22,4393.66,S&P500
4/22/22,4271.78,S&P500
4/25/22,4296.12,S&P500
4/26/22,4175.2,S&P500
4/27/22,4183.96,S&P500
4/28/22,4287.5,S&P500
4/29/22,4131.93,S&P500
5/2/22,4155.38,S&P500
5/3/22,4175.48,S&P500
5/4/22,4300.17,S&P500
5/5/22,4146.87,S&P500
5/6/22,4123.34,S&P500
5/9/22,3991.24,S&P500
5/10/22,4001.05,S&P500
5/11/22,3935.18,S&P500
5/12/22,3930.08,S&P500
5/13/22,4023.89,S&P500
5/16/22,4008.01,S&P500
5/17/22,4088.85,S&P500
5/18/22,3923.68,S&P500
5/19/22,3900.79,S&P500
5/20/22,3901.36,S&P500
5/23/22,3973.75,S&P500
5/24/22,3941.48,S&P500
5/25/22,3978.73,S&P500
5/26/22,4057.84,S&P500
5/27/22,4158.24,S&P500
5/31/22,4132.15,S&P500
6/1/22,4101.23,S&P500
6/2/22,4176.82,S&P500
6/3/22,4108.54,S&P500
6/6/22,4121.43,S&P500
6/7/22,4160.68,S&P500
6/8/22,4115.77,S&P500
6/9/22,4017.82,S&P500
6/10/22,3900.86,S&P500
6/13/22,3749.63,S&P500
6/14/22,3735.48,S&P500
6/15/22,3789.99,S&P500
6/16/22,3666.77,S&P500
6/17/22,3674.84,S&P500
6/21/22,3764.79,S&P500
6/22/22,3759.89,S&P500
6/23/22,3795.73,S&P500
6/24/22,3911.74,S&P500
6/27/22,3900.11,S&P500
6/28/22,3821.55,S&P500
6/29/22,3818.83,S&P500
6/30/22,3785.38,S&P500
7/1/22,3825.33,S&P500
7/5/22,3831.39,S&P500
7/6/22,3845.08,S&P500
7/7/22,3902.62,S&P500
7/8/22,3899.38,S&P500
7/11/22,3854.43,S&P500
7/12/22,3818.8,S&P500
7/13/22,3801.78,S&P500
7/14/22,3790.38,S&P500
7/15/22,3863.16,S&P500
7/18/22,3830.85,S&P500
7/19/22,3936.69,S&P500
7/20/22,3959.9,S&P500
7/21/22,3998.95,S&P500
7/22/22,3961.63,S&P500
7/25/22,3966.84,S&P500
7/26/22,3921.05,S&P500
7/27/22,4023.61,S&P500
7/28/22,4072.43,S&P500
7/29/22,4130.29,S&P500
8/1/22,4118.63,S&P500
8/2/22,4091.19,S&P500
8/3/22,4155.17,S&P500
8/4/22,4151.94,S&P500
8/5/22,4145.19,S&P500
8/8/22,4140.06,S&P500
8/9/22,4122.47,S&P500
8/10/22,4210.24,S&P500
8/11/22,4207.27,S&P500
8/12/22,4280.15,S&P500
8/15/22,4297.14,S&P500
8/16/22,4305.2,S&P500
8/17/22,4274.04,S&P500
8/18/22,4283.74,S&P500
8/19/22,4228.48,S&P500
8/22/22,4137.99,S&P500
8/23/22,4128.73,S&P500
8/24/22,4140.77,S&P500
8/25/22,4199.12,S&P500
8/26/22,4057.66,S&P500
8/29/22,4030.61,S&P500
8/30/22,3986.16,S&P500
8/31/22,3955,S&P500
9/1/22,3966.85,S&P500
9/2/22,3924.26,S&P500
9/6/22,3908.19,S&P500
9/7/22,3979.87,S&P500
9/8/22,4006.18,S&P500
9/9/22,4067.36,S&P500
9/12/22,4110.41,S&P500
9/13/22,3932.69,S&P500
9/14/22,3946.01,S&P500
9/15/22,3901.35,S&P500
9/16/22,3873.33,S&P500
9/19/22,3899.89,S&P500
9/20/22,3855.93,S&P500
9/21/22,3789.93,S&P500
9/22/22,3757.99,S&P500
9/23/22,3693.23,S&P500
9/26/22,3655.04,S&P500
9/27/22,3647.29,S&P500
9/28/22,3719.04,S&P500
9/29/22,3640.47,S&P500
9/30/22,3585.62,S&P500
10/3/22,3678.43,S&P500
10/4/22,3790.93,S&P500
10/5/22,3783.28,S&P500
10/6/22,3744.52,S&P500
10/7/22,3639.66,S&P500
10/10/22,3612.39,S&P500
10/11/22,3588.84,S&P500
10/12/22,3577.03,S&P500
10/13/22,3669.91,S&P500
10/14/22,3583.07,S&P500
10/17/22,3677.95,S&P500
10/18/22,3719.98,S&P500
10/19/22,3695.16,S&P500
10/20/22,3665.78,S&P500
10/21/22,3752.75,S&P500
10/24/22,3797.34,S&P500
10/25/22,3859.11,S&P500
10/26/22,3830.6,S&P500
10/27/22,3807.3,S&P500
10/28/22,3901.06,S&P500
10/31/22,3871.98,S&P500
11/1/22,3856.1,S&P500
11/2/22,3759.69,S&P500
11/3/22,3719.89,S&P500
11/4/22,3770.55,S&P500
11/7/22,3806.8,S&P500
11/8/22,3828.11,S&P500
11/9/22,3748.57,S&P500
11/10/22,3956.37,S&P500
11/11/22,3992.93,S&P500
11/14/22,3957.25,S&P500
11/15/22,3991.73,S&P500
11/16/22,3958.79,S&P500
11/17/22,3946.56,S&P500
11/18/22,3965.34,S&P500
11/21/22,3949.94,S&P500
11/22/22,4003.58,S&P500
11/23/22,4027.26,S&P500
11/25/22,4026.12,S&P500
11/28/22,3963.94,S&P500
11/29/22,3957.63,S&P500
11/30/22,4080.11,S&P500
12/1/22,4076.57,S&P500
12/2/22,4071.7,S&P500
12/5/22,3998.84,S&P500
12/6/22,3941.26,S&P500
12/7/22,3933.92,S&P500
12/8/22,3963.51,S&P500
12/9/22,3934.38,S&P500
12/12/22,3990.56,S&P500
12/13/22,4019.65,S&P500
12/14/22,3995.32,S&P500
12/15/22,3895.75,S&P500
12/16/22,3852.36,S&P500
12/19/22,3817.66,S&P500
12/20/22,3821.62,S&P500
12/21/22,3878.44,S&P500
12/22/22,3822.39,S&P500
12/23/22,3844.82,S&P500
12/27/22,3829.25,S&P500
12/28/22,3783.22,S&P500
12/29/22,3849.28,S&P500
12/30/22,3839.5,S&P500
1/3/23,3824.14,S&P500
1/4/23,3852.97,S&P500
1/5/23,3808.1,S&P500
1/6/23,3895.08,S&P500
1/9/23,3892.09,S&P500
1/10/23,3919.25,S&P500
1/11/23,3969.61,S&P500
1/12/23,3983.17,S&P500
1/13/23,3999.09,S&P500
1/17/23,3990.97,S&P500
1/18/23,3928.86,S&P500
1/19/23,3898.85,S&P500
1/20/23,3972.61,S&P500
1/23/23,4019.81,S&P500
1/24/23,4016.95,S&P500
1/25/23,4016.22,S&P500
1/26/23,4060.43,S&P500
1/27/23,4070.56,S&P500
1/30/23,4017.77,S&P500
1/31/23,4076.6,S&P500
2/1/23,4119.21,S&P500
2/2/23,4179.76,S&P500
2/3/23,4136.48,S&P500
2/6/23,4111.08,S&P500
2/7/23,4164,S&P500
2/8/23,4117.86,S&P500
2/9/23,4081.5,S&P500
2/10/23,4090.46,S&P500
2/13/23,4137.29,S&P500
2/14/23,4136.13,S&P500
2/15/23,4147.6,S&P500
2/16/23,4090.41,S&P500
2/17/23,4079.09,S&P500
2/21/23,3997.34,S&P500
2/22/23,3991.05,S&P500
2/23/23,4012.32,S&P500
2/24/23,3970.04,S&P500
2/27/23,3982.24,S&P500
2/28/23,3970.15,S&P500
3/1/23,3951.39,S&P500
3/2/23,3981.35,S&P500
3/3/23,4045.64,S&P500
3/6/23,4048.42,S&P500
3/7/23,3986.37,S&P500
3/8/23,3992.01,S&P500
3/9/23,3918.32,S&P500
3/10/23,3861.59,S&P500
3/13/23,3855.76,S&P500
3/14/23,3919.29,S&P500
3/15/23,3891.93,S&P500
3/16/23,3960.28,S&P500
3/17/23,3916.64,S&P500
3/20/23,3951.57,S&P500
3/21/23,4002.87,S&P500
3/22/23,3936.97,S&P500
3/23/23,3948.72,S&P500
3/24/23,3970.99,S&P500
3/27/23,3977.53,S&P500
3/28/23,3971.27,S&P500
3/29/23,4027.81,S&P500
3/30/23,4050.83,S&P500
3/31/23,4109.31,S&P500
4/3/23,4124.51,S&P500
4/4/23,4100.6,S&P500
4/5/23,4090.38,S&P500
4/6/23,4105.02,S&P500
4/10/23,4109.11,S&P500
4/11/23,4108.94,S&P500
4/12/23,4091.95,S&P500
4/13/23,4146.22,S&P500
4/14/23,4137.64,S&P500
4/17/23,4151.32,S&P500
4/18/23,4154.87,S&P500
4/19/23,4154.52,S&P500
4/20/23,4129.79,S&P500
4/21/23,4133.52,S&P500
4/24/23,4137.04,S&P500
4/25/23,4071.63,S&P500
4/26/23,4055.99,S&P500
4/27/23,4135.35,S&P500
4/28/23,4169.48,S&P500
5/1/23,4167.87,S&P500
5/2/23,4119.58,S&P500
5/3/23,4090.75,S&P500
5/4/23,4061.22,S&P500
5/5/23,4136.25,S&P500
5/8/23,4138.12,S&P500
5/9/23,4119.17,S&P500
5/10/23,4137.64,S&P500
5/11/23,4130.62,S&P500
5/12/23,4124.08,S&P500
5/15/23,4136.28,S&P500
5/16/23,4109.9,S&P500
5/17/23,4158.77,S&P500
5/18/23,4198.05,S&P500
5/19/23,4191.98,S&P500
5/22/23,4192.63,S&P500
5/23/23,4145.58,S&P500
5/24/23,4115.24,S&P500
5/25/23,4151.28,S&P500
5/26/23,4205.45,S&P500
5/30/23,4205.52,S&P500
5/31/23,4179.83,S&P500
6/1/23,4221.02,S&P500
6/2/23,4282.37,S&P500
6/5/23,4273.79,S&P500
6/6/23,4283.85,S&P500
6/7/23,4267.52,S&P500
6/8/23,4293.93,S&P500
6/9/23,4298.86,S&P500
6/12/23,4338.93,S&P500
6/13/23,4369.01,S&P500
6/14/23,4372.59,S&P500
6/15/23,4425.84,S&P500
6/16/23,4409.59,S&P500
6/20/23,4388.71,S&P500
6/21/23,4365.69,S&P500
6/22/23,4381.89,S&P500
6/23/23,4348.33,S&P500
6/26/23,4328.82,S&P500
6/27/23,4378.41,S&P500
6/28/23,4376.86,S&P500
6/29/23,4396.44,S&P500
6/30/23,4450.38,S&P500
7/3/23,4455.59,S&P500
7/5/23,4446.82,S&P500
7/6/23,4411.59,S&P500
7/7/23,4398.95,S&P500
7/10/23,4409.53,S&P500
7/11/23,4439.26,S&P500
7/12/23,4472.16,S&P500
7/13/23,4510.04,S&P500
7/14/23,4505.42,S&P500
7/17/23,4522.79,S&P500
7/18/23,4554.98,S&P500
7/19/23,4565.72,S&P500
7/20/23,4534.87,S&P500
7/21/23,4536.34,S&P500
7/24/23,4554.64,S&P500
7/25/23,4567.46,S&P500
7/26/23,4566.75,S&P500
7/27/23,4537.41,S&P500
7/28/23,4582.23,S&P500
7/31/23,4588.96,S&P500
8/1/23,4576.73,S&P500
8/2/23,4513.39,S&P500
8/3/23,4501.89,S&P500
8/4/23,4478.03,S&P500
8/7/23,4518.44,S&P500
8/8/23,4499.38,S&P500
8/9/23,4467.71,S&P500
8/10/23,4468.83,S&P500
8/11/23,4464.05,S&P500
8/14/23,4489.72,S&P500
8/15/23,4437.86,S&P500
8/16/23,4404.33,S&P500
8/17/23,4370.36,S&P500
8/18/23,4369.71,S&P500
8/21/23,4399.77,S&P500
8/22/23,4387.55,S&P500
8/23/23,4436.01,S&P500
8/24/23,4376.31,S&P500
8/25/23,4405.71,S&P500
8/28/23,4433.31,S&P500
8/29/23,4497.63,S&P500
8/30/23,4514.87,S&P500
8/31/23,4507.66,S&P500
9/1/23,4515.77,S&P500
9/5/23,4496.83,S&P500
9/6/23,4465.48,S&P500
9/7/23,4451.14,S&P500
9/8/23,4457.49,S&P500
9/11/23,4487.46,S&P500
9/12/23,4461.9,S&P500
9/13/23,4467.44,S&P500
9/14/23,4505.1,S&P500
9/15/23,4450.32,S&P500
9/18/23,4453.53,S&P500
9/19/23,4443.95,S&P500
9/20/23,4402.2,S&P500
9/21/23,4330,S&P500
9/22/23,4320.06,S&P500
9/25/23,4337.44,S&P500
9/26/23,4273.53,S&P500
9/27/23,4274.51,S&P500
9/28/23,4299.7,S&P500
9/29/23,4288.05,S&P500
10/2/23,4288.39,S&P500
10/3/23,4229.45,S&P500
10/4/23,4263.75,S&P500
10/5/23,4258.19,S&P500
10/6/23,4308.5,S&P500
10/9/23,4335.66,S&P500
10/10/23,4358.24,S&P500
10/11/23,4376.95,S&P500
10/12/23,4349.61,S&P500
10/13/23,4327.78,S&P500
10/16/23,4373.63,S&P500
10/17/23,4373.2,S&P500
10/18/23,4314.6,S&P500
10/19/23,4278,S&P500
10/20/23,4224.16,S&P500
10/23/23,4217.04,S&P500
10/24/23,4247.68,S&P500
10/25/23,4186.77,S&P500
10/26/23,4137.23,S&P500
10/27/23,4117.37,S&P500
10/30/23,4166.82,S&P500
10/31/23,4193.8,S&P500
11/1/23,4237.86,S&P500
11/2/23,4317.78,S&P500
11/3/23,4358.34,S&P500
11/6/23,4365.98,S&P500
11/7/23,4378.38,S&P500
11/8/23,4382.78,S&P500
11/9/23,4347.35,S&P500
11/10/23,4415.24,S&P500
11/13/23,4411.55,S&P500
11/14/23,4495.7,S&P500
11/15/23,4502.88,S&P500
11/16/23,4508.24,S&P500
11/17/23,4514.02,S&P500
11/20/23,4547.38,S&P500
11/21/23,4538.19,S&P500
11/22/23,4556.62,S&P500
11/24/23,4559.34,S&P500
11/27/23,4550.43,S&P500
11/28/23,4554.89,S&P500
11/29/23,4550.58,S&P500
11/30/23,4567.8,S&P500
12/1/23,4594.63,S&P500
12/4/23,4569.78,S&P500
12/5/23,4567.18,S&P500
12/6/23,4549.34,S&P500
12/7/23,4585.59,S&P500
12/8/23,4604.37,S&P500
12/11/23,4622.44,S&P500
12/12/23,4643.7,S&P500
12/13/23,4707.09,S&P500
12/14/23,4719.55,S&P500
12/15/23,4719.19,S&P500
12/18/23,4740.56,S&P500
12/19/23,4768.37,S&P500
12/20/23,4698.35,S&P500
12/21/23,4746.75,S&P500
12/22/23,4754.63,S&P500
12/26/23,4774.75,S&P500
12/27/23,4781.58,S&P500
12/28/23,4783.35,S&P500
12/29/23,4769.83,S&P500
1/2/24,4742.83,S&P500
1/3/24,4704.81,S&P500
1/4/24,4688.68,S&P500
1/5/24,4697.24,S&P500
1/8/24,4763.54,S&P500
1/9/24,4756.5,S&P500
1/10/24,4783.45,S&P500
1/11/24,4780.24,S&P500
1/12/24,4783.83,S&P500
1/16/24,4765.98,S&P500
1/17/24,4739.21,S&P500
1/18/24,4780.94,S&P500
1/19/24,4839.81,S&P500
1/22/24,4850.43,S&P500
1/23/24,4864.6,S&P500
1/24/24,4868.55,S&P500
1/25/24,4894.16,S&P500
1/26/24,4890.97,S&P500
1/29/24,4927.93,S&P500
1/30/24,4924.97,S&P500
1/31/24,4845.65,S&P500
2/1/24,4906.19,S&P500
2/2/24,4958.61,S&P500
2/5/24,4942.81,S&P500
2/6/24,4954.23,S&P500
2/7/24,4995.06,S&P500
2/8/24,4997.91,S&P500
2/9/24,5026.61,S&P500
2/12/24,5021.84,S&P500
2/13/24,4953.17,S&P500
2/14/24,5000.62,S&P500
2/15/24,5029.73,S&P500
2/16/24,5005.57,S&P500